Workbook

Sheet Tab_01
A1: CICLE | B1: API | C1: CODE | D1: ANNEX | E1: DESCRIPTION | F1: PLANT | G1: RESPONSIBLE AREA | H1: Correos concatenados | I1: Sum of Total Pending
A2: 5 | B2: 5-FU | C2: 40550, 40500, 46500 | D2: 2 | E2: Revisión de tendencias de parámetros críticos deproceso, controles en proceso críticos y rendimientos | F2: P12 | G2: PR | H2: arosasr754@alumno.uaemex.mx | I2: 1
A3: 5 | B3: 5-FU | C3: 40550, 40500, 46500 | D3: 11 | E3: Calificación de desempeño del proceso de proceso | F3: P04&P08/P12 | G3: QS | H3: arosasr754@alumno.uaemex.mx | I3: 1
A4: 5 | B4: ACA | C4: 40058 | D4: 3 | E4: Material de empaque primario/ SM/ KASM | F4: P01&P02 | G4: QA | H4: arosasr754@alumno.uaemex.mx | I4: 1
A5: 5 | B5: ACA | C5: 40058 | D5: 6 | E5: Controles de cambio | F5: P01&P02 | G5: QS | H5: arosasr754@alumno.uaemex.mx | I5: 1
A6: 5 | B6: ACA | C6: 40058 | D6: 8 | E6: Desviaciones | F6: P01&P02 | G6: QA | H6: arosasr754@alumno.uaemex.mx | I6: 1
A7: 5 | B7: ACA | C7: 40058 | D7: 11 | E7: Calificación de desempeño del proceso de proceso | F7: P01&P02 | G7: QS | H7: arosasr754@alumno.uaemex.mx | I7: 1
A8: 5 | B8: AZT | C8: 40180 | D8: 3 | E8: Material de empaque primario/ SM/ KASM | F8: P03 | G8: QA | H8: arosasr754@alumno.uaemex.mx | I8: 1
A9: 5 | B9: AZT | C9: 40180 | D9: 11 | E9: Calificación de desempeño del proceso de proceso | F9: P03 | G9: QS | H9: arosasr754@alumno.uaemex.mx | I9: 1
A10: 5 | B10: AZT | C10: 40180 | D10: 18 | E10: Evaluación de riesgo para detección de posible interrupción de suministro de producto | F10: P03 | G10: QS/SC | H10: arosasr754@alumno.uaemex.mx | I10: 1
A11: 5 | B11: AZT | C11: 40190 | D11: 11 | E11: Calificación de desempeño del proceso de proceso | F11: P03 | G11: QS | H11: arosasr754@alumno.uaemex.mx | I11: 1
A12: 5 | B12: AZT | C12: 40190 | D12: 18 | E12: Evaluación de riesgo para detección de posible interrupción de suministro de producto | F12: P03 | G12: QS/SC | H12: arosasr754@alumno.uaemex.mx | I12: 1
A13: 5 | B13: VTL | C13: 43500, 43510 | D13: 2 | E13: Revisión de tendencias de parámetros críticos deproceso, controles en proceso críticos y rendimientos | F13: P09 | G13: PR | H13: arosasr754@alumno.uaemex.mx | I13: 1
... A39: 6 | B39: PMT | C39: 40150 | D39: 18 | E39: Evaluación de riesgo para detección de posible interrupción de suministro de producto | F39: P01&P02/P04 | G39: QS/SC | H39: arosasr754@alumno.uaemex.mx | I39: 1

Sheet Summary_Qry
A1: CICLE | B1: API | C1: CODE | D1: ANNEX | E1: DESCRIPTION | F1: PLANT | G1: RESPONSIBLE AREA | H1: Correos concatenados | I1: Sum of Total Pending
A2: 5 | B2: 5-FU | C2: 40550, 40500, 46500 | D2: 2 | E2: Revisión de tendencias de parámetros críticos deproceso, controles en proceso críticos y rendimientos | F2: P12 | G2: PR | H2: arosasr754@alumno.uaemex.mx | I2: 1
A3: 5 | B3: 5-FU | C3: 40550, 40500, 46500 | D3: 11 | E3: Calificación de desempeño del proceso de proceso | F3: P04&P08/P12 | G3: QS | H3: arosasr754@alumno.uaemex.mx | I3: 1
A4: 5 | B4: ACA | C4: 40058 | D4: 3 | E4: Material de empaque primario/ SM/ KASM | F4: P01&P02 | G4: QA | H4: arosasr754@alumno.uaemex.mx | I4: 1
A5: 5 | B5: ACA | C5: 40058 | D5: 6 | E5: Controles de cambio | F5: P01&P02 | G5: QS | H5: arosasr754@alumno.uaemex.mx | I5: 1
A6: 5 | B6: ACA | C6: 40058 | D6: 8 | E6: Desviaciones | F6: P01&P02 | G6: QA | H6: arosasr754@alumno.uaemex.mx | I6: 1
A7: 5 | B7: ACA | C7: 40058 | D7: 11 | E7: Calificación de desempeño del proceso de proceso | F7: P01&P02 | G7: QS | H7: arosasr754@alumno.uaemex.mx | I7: 1
A8: 5 | B8: AZT | C8: 40180 | D8: 3 | E8: Material de empaque primario/ SM/ KASM | F8: P03 | G8: QA | H8: arosasr754@alumno.uaemex.mx | I8: 1
A9: 5 | B9: AZT | C9: 40180 | D9: 11 | E9: Calificación de desempeño del proceso de proceso | F9: P03 | G9: QS | H9: arosasr754@alumno.uaemex.mx | I9: 1
A10: 5 | B10: AZT | C10: 40180 | D10: 18 | E10: Evaluación de riesgo para detección de posible interrupción de suministro de producto | F10: P03 | G10: QS/SC | H10: arosasr754@alumno.uaemex.mx | I10: 1
A11: 5 | B11: AZT | C11: 40190 | D11: 11 | E11: Calificación de desempeño del proceso de proceso | F11: P03 | G11: QS | H11: arosasr754@alumno.uaemex.mx | I11: 1
A12: 5 | B12: AZT | C12: 40190 | D12: 18 | E12: Evaluación de riesgo para detección de posible interrupción de suministro de producto | F12: P03 | G12: QS/SC | H12: arosasr754@alumno.uaemex.mx | I12: 1
A13: 5 | B13: VTL | C13: 43500, 43510 | D13: 2 | E13: Revisión de tendencias de parámetros críticos deproceso, controles en proceso críticos y rendimientos | F13: P09 | G13: PR | H13: arosasr754@alumno.uaemex.mx | I13: 1
... A15: 5 | B15: VTL | C15: 43500, 43510 | D15: 18 | E15: Evaluación de riesgo para detección de posible interrupción de suministro de producto | F15: P04/P09 | G15: QS/SC | H15: arosasr754@alumno.uaemex.mx | I15: 1

Sheet RAP 2025 Rev2
A1: Ciclo | B1: Producto | C1: Códigos | D1: Siglas | E1: Planta | F1: Periodo 2023-2024 | H1: Periodo RAP inicio | I1: Periodo RAP fin | J1: Fecha límite entrega de Anexos 8 semanas (56 días) | K1: Emisión de reporte 90 dias | L1: Fecha límite de firma reporte 120d | M1: Días cubiertos | N1: Meses cubiertos | O1: Comentarios
A2: 1 | B2: Carboplatino | C2: 40272 | D2: CBP | E2: P07 | F2: 44958 | G2: 45322 | H2: 45323 | I2: 45688 | J2: =I2+56 -> 45744 | K2: =I2+90 -> 45778 | L2: =I2+120 -> 45808 | M2: =I2-H2 -> 365 | N2: =M2/30 -> 12.166667
A3: 1 | B3: Furoato de Mometasona | C3: 40397, 40387 | D3: FMT | E3: P01&P02 | F3: 44958 | G3: 45322 | H3: 45323 | I3: 45688 | J3: =I3+56 -> 45744 | K3: =I3+90 -> 45778 | L3: =I3+120 -> 45808 | M3: =I3-H3 -> 365 | N3: =M3/30 -> 12.166667
A4: 1 | B4: Furoato de Mometasona Monohidrato | C4: 40400, 46400 | D4: FMM | E4: P01&P02 | F4: 44958 | G4: 45322 | H4: 45323 | I4: 45688 | J4: =I4+56 -> 45744 | K4: =I4+90 -> 45778 | L4: =I4+120 -> 45808 | M4: =I4-H4 -> 365 | N4: =M4/30 -> 12.166667
A5: 2 | B5: Oxaliplatino | C5: 40700, 40800 | D5: OXP | E5: P10 | F5: 44986 | G5: 45351 | H5: 45352 | I5: 45716 | J5: =I5+56 -> 45772 | K5: =I5+90 -> 45806 | L5: =I5+120 -> 45836 | M5: =I5-H5 -> 364 | N5: =M5/30 -> 12.133333
A6: 2 | B6: Promiestrieno | C6: 41000, 42000 | D6: PTR | E6: P01&P02 | F6: 44986 | G6: 45351 | H6: 45352 | I6: 45716 | J6: =I6+56 -> 45772 | K6: =I6+90 -> 45806 | L6: =I6+120 -> 45836 | M6: =I6-H6 -> 364 | N6: =M6/30 -> 12.133333
A7: 2 | B7: Succinato de Ribociclib | C7: 41600 / 41610/ 41620 | D7: RBC | E7: P08 | F7: 44986 | G7: 45351 | H7: 45352 | I7: 45716 | J7: =I7+56 -> 45772 | K7: =I7+90 -> 45806 | L7: =I7+120 -> 45836 | M7: =I7-H7 -> 364 | N7: =M7/30 -> 12.133333
A8: 2 | B8: Sunitinib Base/ Sunitinib Maleato/ Sunitinib Tamizado | C8: 44000 | D8: SUN | E8: P08 | F8: 44986 | G8: 45351 | H8: 45352 | I8: 45716 | J8: =I8+56 -> 45772 | K8: =I8+90 -> 45806 | L8: =I8+120 -> 45836 | M8: =I8-H8 -> 364 | N8: =M8/30 -> 12.133333
A9: 3 | B9: Amcinonide | C9: 40177 | D9: AND | E9: P01&P02 | F9: 45017 | G9: 45382 | H9: 45383 | I9: 45747 | J9: =I9+56 -> 45803 | K9: =I9+90 -> 45837 | L9: =I9+120 -> 45867 | M9: =I9-H9 -> 364 | N9: =M9/30 -> 12.133333
A10: 3 | B10: Bromuro de Rocuronium | C10: 40178, 46178, 43178 | D10: RCN | E10: P09 | F10: 45017 | G10: 45382 | H10: 45383 | I10: 45747 | J10: =I10+56 -> 45803 | K10: =I10+90 -> 45837 | L10: =I10+120 -> 45867 | M10: =I10-H10 -> 364 | N10: =M10/30 -> 12.133333
A11: 3 | B11: Bromuro de Umeclidinium | C11: 49000, 49010 | D11: UMC | E11: P09 | F11: 45017 | G11: 45382 | H11: 45383 | I11: 45747 | J11: =I11+56 -> 45803 | K11: =I11+90 -> 45837 | L11: =I11+120 -> 45867 | M11: =I11-H11 -> 364 | N11: =M11/30 -> 12.133333
A12: 4 | B12: Docetaxel | C12: 40360, 40660, 43420 | D12: DCT | E12: P10A | F12: 45047 | G12: 45412 | H12: 45413 | I12: 45777 | J12: =I12+56 -> 45833 | K12: =I12+90 -> 45867 | L12: =I12+120 -> 45897 | M12: =I12-H12 -> 364 | N12: =M12/30 -> 12.133333
A13: 4 | B13: Esilato de Nintedanib | C13: 47200, 47100, 46000 | D13: NTD | E13: P08 | F13: 45047 | G13: 45412 | H13: 45413 | I13: 45777 | J13: =I13+56 -> 45833 | K13: =I13+90 -> 45867 | L13: =I13+120 -> 45897 | M13: =I13-H13 -> 364 | N13: =M13/30 -> 12.133333
A14: 4 | B14: Furoato de Fluticasona | C14: 43370, 43430, 43440, 43460 | D14: FLF | E14: P09 | F14: 45047 | G14: 45412 | H14: 45413 | I14: 45777 | J14: =I14+56 -> 45833 | K14: =I14+90 -> 45867 | L14: =I14+120 -> 45897 | M14: =I14-H14 -> 364 | N14: =M14/30 -> 12.133333
A15: 5 | B15: Acetato de Clormadinona | C15: 40058 | D15: ACA | E15: P01&P02 | F15: 45047 | G15: 45412 | H15: 45413 | I15: 45808 | J15: =I15+56 -> 45864 | K15: =I15+90 -> 45898 | L15: =I15+120 -> 45928 | M15: =I15-H15 -> 395 | N15: =M15/30 -> 13.166667 | O15: Se amplia a 13 meses por CCM en revisión de baja de producto
A16: 5 | B16: 5-Fluorouracil | C16: 40550, 40500, 46500 | D16: 5-FU | E16: P12 | F16: 45078 | G16: 45443 | H16: 45444 | I16: 45808 | J16: =I16+56 -> 45864 | K16: =I16+90 -> 45898 | L16: =I16+120 -> 45928 | M16: =I16-H16 -> 364 | N16: =M16/30 -> 12.133333
A17: 5 | B17: Aztreonam | C17: 40180 | D17: AZT | E17: P03 | F17: 45078 | G17: 45443 | H17: 45444 | I17: 45808 | J17: =I17+56 -> 45864 | K17: =I17+90 -> 45898 | L17: =I17+120 -> 45928 | M17: =I17-H17 -> 364 | N17: =M17/30 -> 12.133333
A18: 5 | B18: Aztreonam (Galenicum) | C18: 40190 | D18: AZT | E18: P03 | F18: N/A | G18: N/A | H18: 45413 | I18: 45808 | J18: =I18+56 -> 45864 | K18: =I18+90 -> 45898 | L18: =I18+120 -> 45928 | M18: =I18-H18 -> 395 | N18: =M18/30 -> 13.166667
A19: 5 | B19: Vilanterol | C19: 43500, 43510 | D19: VTL | E19: P09/P08 | F19: 45078 | G19: 45443 | H19: 45444 | I19: 45808 | J19: =I19+56 -> 45864 | K19: =I19+90 -> 45898 | L19: =I19+120 -> 45928 | M19: =I19-H19 -> 364 | N19: =M19/30 -> 12.133333
A20: 6 | B20: Acetato de Parametasona | C20: 40150 | D20: PMT | E20: P01&P02/P04 | F20: 45108 | G20: 45473 | H20: 45474 | I20: 45838 | J20: =I20+56 -> 45894 | K20: =I20+90 -> 45928 | L20: =I20+120 -> 45958 | M20: =I20-H20 -> 364 | N20: =M20/30 -> 12.133333
A21: 6 | B21: Budesonide | C21: 40188, 46188 | D21: BDN | E21: P01&P02/P04 | F21: 45108 | G21: 45473 | H21: 45474 | I21: 45838 | J21: =I21+56 -> 45894 | K21: =I21+90 -> 45928 | L21: =I21+120 -> 45958 | M21: =I21-H21 -> 364 | N21: =M21/30 -> 12.133333
A22: 6 | B22: Clorhidrato de Erlotinib Forma B | C22: 43401, 43408 | D22: ERT-B | E22: P04/P08 | F22: 45108 | G22: 45473 | H22: 45474 | I22: 45838 | J22: =I22+56 -> 45894 | K22: =I22+90 -> 45928 | L22: =I22+120 -> 45958 | M22: =I22-H22 -> 364 | N22: =M22/30 -> 12.133333
A23: 6 | B23: Clorhidrato de Erlotinib Forma A | C23: 43407, 43400 | D23: ERT-A | E23: P04&P08/P09 | F23: 45078 | G23: 45443 | H23: 45444 | I23: 45838 | J23: =I23+56 -> 45894 | K23: =I23+90 -> 45928 | L23: =I23+120 -> 45958 | M23: =I23-H23 -> 394 | N23: =M23/30 -> 13.133333
A24: 7 | B24: Valerato de Dexametasona | C24: 40446 | D24: VDT | E24: P01&P02 | F24: 45108 | G24: 45473 | H24: 45474 | I24: 45869 | J24: =I24+56 -> 45925 | K24: =I24+90 -> 45959 | L24: =I24+120 -> 45989 | M24: =I24-H24 -> 395 | N24: =M24/30 -> 13.166667
A25: 7 | B25: Dipropionato de Alclometasona | C25: 40316, 46316 | D25: DAM | E25: P01&P02 | F25: 45139 | G25: 45504 | H25: 45505 | I25: 45869 | J25: =I25+56 -> 45925 | K25: =I25+90 -> 45959 | L25: =I25+120 -> 45989 | M25: =I25-H25 -> 364 | N25: =M25/30 -> 12.133333
A26: 7 | B26: Letrozol | C26: 43375 | D26: LTZ | E26: P05A3 | F26: 45139 | G26: 45504 | H26: 45505 | I26: 45869 | J26: =I26+56 -> 45925 | K26: =I26+90 -> 45959 | L26: =I26+120 -> 45989 | M26: =I26-H26 -> 364 | N26: =M26/30 -> 12.133333
A27: 7 | B27: Propionato de Fluticasona | C27: 43360, 43365 | D27: PFC | E27: P01&P02/P04 | F27: 45139 | G27: 45504 | H27: 45505 | I27: 45869 | J27: =I27+56 -> 45925 | K27: =I27+90 -> 45959 | L27: =I27+120 -> 45989 | M27: =I27-H27 -> 364 | N27: =M27/30 -> 12.133333
A28: 8 | B28: Acetato de Ciproterona | C28: 40045 | D28: ACT | E28: P01&P02 | F28: 45170 | G28: 45535 | H28: 45536 | I28: 45900 | J28: =I28+56 -> 45956 | K28: =I28+90 -> 45990 | L28: =I28+120 -> 46020 | M28: =I28-H28 -> 364 | N28: =M28/30 -> 12.133333
A29: 8 | B29: Acetato de Megestrol | C29: 40109, 40110, 40108 | D29: AMG | E29: P01&P02/P09 | F29: 45170 | G29: 45535 | H29: 45536 | I29: 45900 | J29: =I29+56 -> 45956 | K29: =I29+90 -> 45990 | L29: =I29+120 -> 46020 | M29: =I29-H29 -> 364 | N29: =M29/30 -> 12.133333
A30: 8 | B30: Cisplatino | C30: 40290 | D30: CSP | E30: P07 | F30: 45170 | G30: 45535 | H30: 45536 | I30: 45900 | J30: =I30+56 -> 45956 | K30: =I30+90 -> 45990 | L30: =I30+120 -> 46020 | M30: =I30-H30 -> 364 | N30: =M30/30 -> 12.133333
A31: 8 | B31: Clorhidrato de Olodaterol | C31: 47600 | D31: ODT | E31: P09 | F31: 45170 | G31: 45535 | H31: 45536 | I31: 45900 | J31: =I31+56 -> 45956 | K31: =I31+90 -> 45990 | L31: =I31+120 -> 46020 | M31: =I31-H31 -> 364 | N31: =M31/30 -> 12.133333
A32: 9 | B32: Acetato de Abiraterona | C32: 44500, 44505, 44510, 44520, 46520 | D32: ABR | E32: P01&P02/P09/ P04 | F32: 45200 | G32: 45565 | H32: 45566 | I32: 45930 | J32: =I32+56 -> 45986 | K32: =I32+90 -> 46020 | L32: =I32+120 -> 46050 | M32: =I32-H32 -> 364 | N32: =M32/30 -> 12.133333
A33: 9 | B33: Azacitidina | C33: 41800 | D33: AZD | E33: P08 | F33: 45200 | G33: 45565 | H33: 45566 | I33: 45930 | J33: =I33+56 -> 45986 | K33: =I33+90 -> 46020 | L33: =I33+120 -> 46050 | M33: =I33-H33 -> 364 | N33: =M33/30 -> 12.133333
A34: 9 | B34: Clorhidrato de Gemcitabina | C34: 40750 | D34: GEM | E34: P08 | F34: 45200 | G34: 45565 | H34: 45566 | I34: 45930 | J34: =I34+56 -> 45986 | K34: =I34+90 -> 46020 | L34: =I34+120 -> 46050 | M34: =I34-H34 -> 364 | N34: =M34/30 -> 12.133333
A35: 9 | B35: Prednicarbato | C35: 42140 | D35: PCB | E35: P06 /P04 | F35: 45200 | G35: 45565 | H35: 45566 | I35: 45930 | J35: =I35+56 -> 45986 | K35: =I35+90 -> 46020 | L35: =I35+120 -> 46050 | M35: =I35-H35 -> 364 | N35: =M35/30 -> 12.133333
A36: 10 | B36: Acetato de Medroxiprogesterona | C36: 40085, 40090, 40092, 40082, 40081 | D36: AMP | E36: P01&P02/P09 | F36: 45231 | G36: 45596 | H36: 45597 | I36: 45961 | J36: =I36+56 -> 46017 | K36: =I36+90 -> 46051 | L36: =I36+120 -> 46081 | M36: =I36-H36 -> 364 | N36: =M36/30 -> 12.133333
A37: 10 | B37: Afatinib Dimaleato | C37: 40355, 41355 | D37: AFT | E37: P08 | F37: 45231 | G37: 45596 | H37: 45597 | I37: 45961 | J37: =I37+56 -> 46017 | K37: =I37+90 -> 46051 | L37: =I37+120 -> 46081 | M37: =I37-H37 -> 364 | N37: =M37/30 -> 12.133333
A38: 10 | B38: Propionato de Deprodona | C38: 40434 | D38: PDD | E38: P01&P02 | F38: 45231 | G38: 45596 | H38: 45597 | I38: 45961 | J38: =I38+56 -> 46017 | K38: =I38+90 -> 46051 | L38: =I38+120 -> 46081 | M38: =I38-H38 -> 364 | N38: =M38/30 -> 12.133333
A40: 3 | B40: Clorhidrato de Tivozanib | C40: 48100, 48105 | D40: TVZ | E40: P10A | F40: N/A | G40: N/A | H40: 45383 | I40: 45747 | J40: =I40+56 -> 45803 | K40: =I40+90 -> 45837 | L40: =I40+120 -> 45867 | M40: =I40-H40 -> 364 | N40: =M40/30 -> 12.133333 | O40: Se revisará la fecha de inicio y fin de periodo, una vez que se tengan lotes comerciales

Sheet C1
B1: Comentarios
B2: Entregado | C2: CBP | D2: FMT | F2: FMM
B3: Pendiente | C3: 40272, 46272 | D3: 40397, 40387 | F3: 40400
A4: 1 | B4: Ruta de síntesis | C4: MS&T | D4: MS&T | F4: MS&T
A5: 2 | B5: Revisión de tendencias de parámetros críticos deproceso, controles en proceso críticos y rendimientos | C5: PR P05 | D5: PR | E5: PR P04 | F5: PR | G5: PR P04
A6: 3 | B6: Material de empaque primario/ SM/ KASM | C6: QA | D6: QA | F6: QA
A7: 4 | B7: Estabilidades | C7: QC | D7: QC | F7: QC
A8: 5 | B8: Resultados y gráficos de tendencias de análisis de PT y controles en proceso críticos | C8: QC | D8: QC | F8: QC
A9: 6 | B9: Controles de cambio | C9: QS | D9: QS | F9: QS
A10: 7 | B10: Resultados OOS y OOT | C10: QA | D10: QA | F10: QA
A11: 8 | B11: Desviaciones | C11: QA | D11: QA | F11: QA
A12: 9 | B12: Quejas | C12: QA | D12: QA | F12: QA
A13: 10 | B13: Retiro del producto del mercado | C13: QA | D13: QA | F13: QA
A14: 11 | B14: Calificación de desempeño del proceso de proceso | C14: QS | D14: QS | F14: QS
A15: 12 | B15: Estatus de equipos y servicios | C15: IN | D15: IN | F15: IN
A16: 13 | B16: Devoluciones | C16: QA | D16: QA | F16: QA
A17: 14 | B17: Proveedores de servicios analíticos | C17: QC | D17: QC | F17: QC
... A21: 18 | B21: Evaluación de riesgo para detección de posible interrupción de suministro de producto | C21: QS/SC | D21: QS/SC | F21: QS/SC

Sheet C2
A1: Anexos ciclo 02 2025- 25Abr2025
B2: Comentarios | C2: 01mar2024-29feb2025
B3: Entregado | C3: OXP | D3: PTR | E3: SUN | G3: RBC
B4: Pendiente | C4: 40700, 40800 | D4: 41000, 42000 | E4: 44000 | G4: 41600 41610/ 41620
A5: 1 | B5: Ruta de síntesis | C5: MS&T | D5: MS&T | E5: MS&T | G5: MS&T
A6: 2 | B6: Revisión de tendencias de parámetros críticos deproceso, controles en proceso críticos y rendimientos | C6: PR P07 | D6: PR P01-02 | E6: PR P04 | F6: PR 08 | G6: PR P08 | J6: Producto | K6: Códigos | L6: Siglas | M6: Planta | N6: Periodo RAP inicio | O6: Periodo RAP fin | P6: Fecha límite entrega de Anexos 8 semanas (56 días)
G7: PR P04
A8: 3 | B8: Material de empaque primario/ SM/ KASM | C8: QA | D8: QA | E8: QA | G8: QA | J8: Oxaliplatino | K8: 40700, 40800 | L8: OXP | M8: P10 | N8: 44986 | O8: 45351 | P8: =O8+56 -> 45407
A9: 4 | B9: Estabilidades | C9: QC | D9: QC | E9: QC | G9: QC | J9: Promiestrieno | K9: 41000, 42000 | L9: PTR | M9: P01&P02 | N9: 44986 | O9: 45351 | P9: =O9+56 -> 45407
A10: 5 | B10: Resultados y gráficos de tendencias de análisis de PT y controles en proceso críticos | C10: QC | D10: QC | E10: QC | G10: QC | J10: Succinato de Ribociclib | K10: 41600/ 41610/ 41620 | L10: SRB/SRM | M10: P08 | N10: 44986 | O10: 45351 | P10: =O10+56 -> 45407
A11: 6 | B11: Controles de cambio | C11: QS | D11: QS | E11: QS | G11: QS | J11: Sunitinib Base/ Sunitinib Maleato/ Sunitinib Tamizado | K11: 44000 | L11: SUN | M11: P08 | N11: 44986 | O11: 45351 | P11: =O11+56 -> 45407
A12: 7 | B12: Resultados OOS y OOT | C12: QA | D12: QA | E12: QA | G12: QA
A13: 8 | B13: Desviaciones | C13: QA | D13: QA | E13: QA | G13: QA
A14: 9 | B14: Quejas | C14: QA | D14: QA | E14: QA | G14: QA | K14: ANEXOS FALTANTES | L14: 01mar2024-29feb2025
A15: 10 | B15: Retiro del producto del mercado | C15: QA | D15: QA | E15: QA | G15: QA | K15: Entregado | L15: OXP | M15: PTR | N15: RBC | O15: SUN
A16: 11 | B16: Calificación de desempeño del proceso de proceso | C16: QS | D16: QS | E16: QS | G16: QS | K16: Pendiente | L16: 40700, 40800 | M16: 41000, 42000 | N16: 41600 41610/ 41620 | O16: 44000
A17: 12 | B17: Estatus de equipos y servicios | C17: IN | D17: IN | E17: IN | G17: IN | J17: 2 | K17: Revisión de tendencias de parámetros críticos deproceso, controles en proceso críticos y rendimientos | L17: PR P07 | M17: PR P01-02 | N17: PR P08-04 | O17: PR P08
A18: 13 | B18: Devoluciones | C18: QA | D18: QA | E18: QA | G18: QA | J18: 3 | K18: Material de empaque primario/ SM/ KASM | L18: QA | M18: QA | N18: QA | O18: QA
A19: 14 | B19: Proveedores de servicios analíticos | C19: QC | D19: QC | E19: QC | G19: QC | J19: 8 | K19: Desviaciones | L19: QA | M19: QA | N19: QA | O19: QA
A20: 15 | B20: Acuerdos de calidad con fabricantes y provedores de servicios analíticos | C20: QA | D20: QA | E20: QA | G20: QA
A21: 16 | B21: Revisión de muestras de retención | C21: QA | D21: QA | E21: QA | G21: QA
A22: 17 | B22: Mantenimiento del estado validado métodos analíticos | C22: MS&T | D22: MS&T | E22: MS&T | G22: MS&T
A23: 18 | B23: Evaluación de riesgo para detección de posible interrupción de suministro de producto | C23: QS/SC | D23: QS/SC | E23: QS/SC | G23: QS/SC

Sheet C3
A1: Anexos Ciclo 3 2024-2025
B2: Entregado | C2: 01 abr 2024 - 31 mar 2025
B3: Comentarios | C3: AND | D3: RCN | F3: UMC
B4: Pendiente | C4: 40177 | D4: 40178, 43178 | F4: 49000, 49010
A5: 1 | B5: Ruta de síntesis | C5: MS&T | D5: MS&T | F5: MS&T | I5: Producto | J5: Códigos | K5: Siglas | L5: Planta | M5: Periodo RAP inicio | N5: Periodo RAP fin | O5: Fecha límite entrega de Anexos 8 semanas (56 días)
A6: 2 | B6: Revisión de tendencias de parámetros críticos deproceso, controles en proceso críticos y rendimientos | C6: PR | D6: PR P09 | E6: PR P02 | F6: PR P04 | G6: PR P08 | I6: Amcinonide | J6: 40177 | K6: AND | L6: P01&P02 | M6: 45383 | N6: 45747 | O6: =N6+56 -> 45803
A7: 3 | B7: Material de empaque primario/ SM/ KASM | C7: QA | D7: QA | F7: QA | I7: Bromuro de Rocuronium | J7: 40178, 46178, 43178 | K7: RCN | L7: P09 | M7: 45383 | N7: 45747 | O7: =N7+56 -> 45803
A8: 4 | B8: Estabilidades | C8: QC | D8: QC | F8: QC | I8: Bromuro de Umeclidinium | J8: 49000, 49010 | K8: UMC | L8: P09 | M8: 45383 | N8: 45747 | O8: =N8+56 -> 45803
A9: 5 | B9: Resultados y gráficos de tendencias de análisis de PT y controles en proceso críticos | C9: QC | D9: QC | F9: QC | I9: Clorhidrato de Tivozanib | J9: 48100, 48105 | K9: TVZ | L9: P10A | M9: 45383 | N9: 45747 | O9: =N9+56 -> 45803
A10: 6 | B10: Controles de cambio | C10: QS | D10: QS | F10: QS
A11: 7 | B11: Resultados OOS y OOT | C11: QA | D11: QA | F11: QA
A12: 8 | B12: Desviaciones | C12: QA | D12: QA | F12: QA
A13: 9 | B13: Quejas | C13: QA | D13: QA | F13: QA
A14: 10 | B14: Retiro del producto del mercado | C14: QA | D14: QA | F14: QA
A15: 11 | B15: Calificación de desempeño del proceso de proceso | C15: QS | D15: QS | F15: QS
A16: 12 | B16: Estatus de equipos y servicios | C16: IN | D16: IN | F16: IN
A17: 13 | B17: Devoluciones | C17: QA | D17: QA | F17: QA
A18: 14 | B18: Proveedores de servicios analíticos | C18: QC | D18: QC | F18: QC
A19: 15 | B19: Acuerdos de calidad con fabricantes y provedores de servicios analíticos | C19: QA | D19: QA | F19: QA
A20: 16 | B20: Revisión de muestras de retención | C20: QA | D20: QA | F20: QA
A21: 17 | B21: Mantenimiento del estado validado métodos analíticos | C21: MS&T | D21: MS&T | F21: MS&T
A22: 18 | B22: Evaluación de riesgo para detección de posible interrupción de suministro de producto | C22: QS/SC | D22: QS/SC | F22: QS/SC

Sheet C4
A1: Información ciclo 04/ 2025
A2: 01 May 2024 - 30 Abr 2025
B3: Entregado | C3: DCT | D3: NTD | E3: FLF
B4: Pendiente | C4: 40360, 40660, 43420 | D4: 47200, 47100, 46000 | E4: 43370, 43430, 43440, 43460
A5: 1 | B5: Ruta de síntesis | C5: MS&T | D5: MS&T | E5: MS&T
A6: 2 | B6: Revisión de tendencias de parámetros críticos deproceso, controles en proceso críticos y rendimientos | C6: PR | D6: PR P08 | E6: PR
D7: P04 | G7: Producto | H7: Producto | I7: Siglas | J7: Planta | K7: Periodo RAP inicio | L7: Periodo RAP fin | M7: Fecha límite entrega de Anexos 8 semanas
A8: 3 | B8: Material de empaque primario/ SM/ KASM | C8: QA | D8: QA | E8: QA | G8: 4 | H8: Acetato de Clormadinona | I8: ACA | J8: P01&P02 | K8: 45413 | L8: 45777 | M8: =L8+56 -> 45833
A9: 4 | B9: Estabilidades | C9: QC | D9: QC | E9: QC | G9: 4 | H9: Docetaxel | I9: DCT | J9: P10 | K9: 45413 | L9: 45777 | M9: =L9+56 -> 45833
A10: 5 | B10: Resultados y gráficos de tendencias de análisis de PT y controles en proceso críticos | C10: QC | D10: QC | E10: QC | G10: 4 | H10: Esilato de Nintedanib | I10: NTD | J10: P08 | K10: 45413 | L10: 45777 | M10: =L10+56 -> 45833
A11: 6 | B11: Controles de cambio | C11: QS | D11: QS | E11: QS | G11: 4 | H11: Furoato de Fluticasona | I11: FLF | J11: P09 | K11: 45413 | L11: 45777 | M11: =L11+56 -> 45833
A12: 7 | B12: Resultados OOS y OOT | C12: QA | D12: QA | E12: QA
A13: 8 | B13: Desviaciones | C13: QA | D13: QA | E13: QA
A14: 9 | B14: Quejas | C14: QA | D14: QA | E14: QA
A15: 10 | B15: Retiro del producto del mercado | C15: QA | D15: QA | E15: QA
A16: 11 | B16: Calificación de desempeño del proceso de proceso | C16: QS | D16: QS | E16: QS
A17: 12 | B17: Estatus de equipos y servicios | C17: IN | D17: IN | E17: IN
A18: 13 | B18: Devoluciones | C18: QA | D18: QA | E18: QA | L18: Acetato de Clormadinona | M18: ACA | N18: P01&P02 | O18: 45047 | P18: 45412 | Q18: =P18+56 -> 45468
A19: 14 | B19: Proveedores de servicios analíticos | C19: QC | D19: QC | E19: QC | L19: Docetaxel | M19: DCT | N19: P10 | O19: 45047 | P19: 45412 | Q19: =P19+56 -> 45468
A20: 15 | B20: Acuerdos de calidad con fabricantes y provedores de servicios analíticos | C20: QA | D20: QA | E20: QA | L20: Esilato de Nintedanib | M20: NTD | N20: P08 | O20: 45047 | P20: 45412 | Q20: =P20+56 -> 45468
A21: 16 | B21: Revisión de muestras de retención | C21: QA | D21: QA | E21: QA | L21: Furoato de Fluticasona | M21: FLF | N21: P09 | O21: 45047 | P21: 45412 | Q21: =P21+56 -> 45468
A22: 17 | B22: Mantenimiento del estado validado métodos analíticos | C22: MS&T | D22: MS&T | E22: MS&T
A23: 18 | B23: Evaluación de riesgo para detección de posible interrupción de suministro de producto | C23: QS/SC | D23: QS/SC | E23: QS/SC

Sheet Seguimiento
A1: APQRs | C1: CICLO 2: 01 Mar 2024-29 Feb 2025 -> 25 Abr 2025 | H1: CICLO 3 -> 26 May 2025 01 Abr 2024 - 31 Mar 2025 | N1: CICLO 4 -> 25 Jun 2025 01 May 2024 - 30 Abr 2025 | S1: Ciclo 5 > 26 Jul 2025 | AB1: Ciclo 6 > 25 Ago 2025 | AJ1: Ciclo 7 > 25 Sep 2025
B2: Entregado | S2: 01 May 2024 - 31 May 2025 | V2: 01 Jun 2024 - 31 May 2025 | AB2: 01 Jul 2024 - 30 Jun 2025 | AJ2: 01 Jul 2024 - 30 Jun 2025
B3: Pendiente AGO | C3: OXP | D3: PTR | E3: SUN | G3: RBC | H3: AND | J3: RCN | L3: UMC | N3: DCT | O3: NTD | Q3: FLF | S3: ACA | T3: AZT | V3: AZT | X3: 5-FU | Z3: VTL | AB3: PMT | AD3: BDN | AF3: ERT-A | AH3: ERT-B | AJ3: VDT | AL3: DAM | AN3: LTZ | AP3: PFC
B4: Pendiente > 1 mes | C4: 40700, 40800 | D4: 41000, 42000 | E4: 44000 | G4: 41600 41610/ 41620 | H4: 40177 | J4: 40178, 43178 | L4: 49000, 49010 | N4: 40360, 40660, 43420 | O4: 47200, 47100, 46000 | Q4: 43370, 43430, 43440, 43460 | S4: 40058 | T4: 40190 | V4: 40180 | X4: 40550, 40500, 46500 | Z4: 43500, 43510 | AB4: 40150 | AD4: 40188, 46188 | AF4: 43407, 43400 | AH4: 43401, 43408 | AJ4: 40446 | AL4: 40316, 46316 | AN4: 43375 | AP4: 43360, 43365
B5: DRAFT | C5: 45806 | H5: 45837 | N5: 45867 | S5: 45898 | AB5: 45928 | AJ5: 45959
B6: Fecha acordada* | C6: 45818 | D6: 45818 | E6: 45821 | G6: 45825 | H6: 45846 | J6: 45853 | L6: 45853 | N6: 45898 | O6: 45897 | Q6: 45898 | R6: 45898 | S6: 45912 | T6: 45912 | V6: 45912 | X6: 45919 | Z6: 45919
B7: REPORTE FINAL | C7: 45836 | H7: 45867 | N7: 45897 | S7: 45928 | AB7: 45958 | AJ7: 45981
A8: Anexo | N8: 45898 | O8: 45898 | P8: 45898 | Q8: 45898 | R8: 45898
A9: 1 | B9: Ruta de síntesis | C9: MS&T | D9: MS&T | E9: MS&T | G9: MS&T | H9: MS&T | J9: MS&T | L9: MS&T | N9: MS&T | O9: MS&T | Q9: MS&T | S9: MS&T | T9: MS&T | V9: MS&T | X9: MS&T | Z9: MS&T | AB9: MS&T | AD9: MS&T | AF9: MS&T | AH9: MS&T | AJ9: MS&T | AL9: MS&T | AN9: MS&T | AP9: MS&T
A10: 2 | B10: Revisión de tendencias de parámetros críticos deproceso, controles en proceso críticos y rendimientos | C10: PR P07 | D10: PR P01-02 | E10: PR P04 | F10: P08 | G10: PR -08/ P04 | H10: P01&02 | I10: P04 | J10: P09 | K10: P02 | L10: P09 | M10: P04 | N10: P10A | O10: P08 | P10: P04 | Q10: P09 | R10: P04 | S10: P01&02 | T10: P03 | V10: P03 | X10: P12 Mario y antonio velazque | Y10: P04&P08 | Z10: P09 | AA10: P04 | AB10: P01&02 | AC10: P04 | AD10: P01&02 | AE10: P04 | AF10: P04 | AG10: P08 | AH10: P04&P08 | AI10: P09 | AJ10: P01&02 | AK10: P04 | AL10: P01&02 | AM10: P04 | AN10: P05A3 | AO10: P04 | AP10: P01&02 | AQ10: P04
A11: 3 | B11: Material de empaque primario/ SM/ KASM | C11: QA | D11: QA | E11: QA | G11: QA | H11: QA | J11: QA | L11: QA | N11: QA | O11: QA | Q11: QA | S11: QA | T11: QA | V11: QA Sandra cha y carlos | X11: QA | Z11: QA | AB11: QA | AD11: QA | AF11: QA | AH11: QA | AJ11: QA | AL11: QA | AN11: QA | AP11: QA
A12: 4 | B12: Estabilidades | C12: QC | D12: QC | E12: QC | G12: QC | H12: QC | J12: QC | L12: QC | N12: QC | O12: QC | Q12: QC | S12: QC | T12: QC | V12: QC | X12: QC | Z12: QC | AB12: QC | AD12: QC | AF12: QC | AH12: QC Rebeca reyno laura aram | AJ12: QC | AL12: QC | AN12: QC | AP12: QC
A13: 5 | B13: Resultados y gráficos de tendencias de análisis de PT y controles en proceso críticos | C13: QC | D13: QC | E13: QC | G13: QC | H13: QC | J13: QC | L13: QC | N13: QC | O13: QC | Q13: QC | S13: QC | T13: QC | V13: QC | X13: QC | Z13: QC | AB13: QC | AD13: QC | AF13: QC | AH13: QC | AJ13: QC | AL13: QC | AN13: QC | AP13: QC
A14: 6 | B14: Controles de cambio | C14: QS | D14: QS | E14: QS | G14: QS | H14: QS | J14: QS | L14: QS | N14: QS | O14: QS | Q14: QS | S14: QS | T14: QS | V14: QS | X14: QS | Z14: QS | AB14: QS | AD14: QS | AF14: QS | AH14: QS | AJ14: QS | AL14: QS | AN14: QS | AP14: QS
A15: 7 | B15: Resultados OOS y OOT | C15: QA | D15: QA | E15: QA | G15: =Seguimiento!S30 -> 0.33333333 | H15: QA | J15: QA | L15: QA | N15: QA | O15: QA | Q15: QA | S15: QA | T15: QA | V15: QA | X15: QA | Z15: QA | AB15: QA | AD15: QA | AF15: QA | AH15: QA | AJ15: QA | AL15: QA | AN15: QA | AP15: QA
A16: 8 | B16: Desviaciones | C16: QA | D16: QA | E16: QA | G16: =Seguimiento!X30 -> 0.27777778 | H16: QA | J16: QA | L16: QA | N16: QA | O16: QA | Q16: QA | S16: QA irma y carlos rod | T16: QA | V16: QA | X16: QA | Z16: QA | AB16: QA | AD16: QA | AF16: QA | AH16: QA | AJ16: QA | AL16: QA | AN16: QA | AP16: QA
A17: 9 | B17: Quejas | C17: QA | D17: QA | E17: QA | G17: =Seguimiento!T30 -> 0.27777778 | H17: QA | J17: QA | L17: QA | N17: QA | O17: QA | Q17: QA | S17: QA | T17: QA | V17: QA | X17: QA | Z17: QA | AB17: QA | AD17: QA | AF17: QA | AH17: QA | AJ17: QA | AL17: QA | AN17: QA | AP17: QA
A18: 10 | B18: Retiro del producto del mercado | C18: QA | D18: QA | E18: QA | G18: =Seguimiento!V30 -> 0.27777778 | H18: QA | J18: QA | L18: QA | N18: QA | O18: QA | Q18: QA | S18: QA | T18: QA | V18: QA | X18: QA | Z18: QA | AB18: QA | AD18: QA | AF18: QA | AH18: QA | AJ18: QA | AL18: QA | AN18: QA | AP18: QA
A19: 11 | B19: Calificación de desempeño del proceso de proceso | C19: QS | D19: QS | E19: QS | G19: =Seguimiento!Z30 -> 0.21052632 | H19: QS | J19: QS | L19: QS | N19: QS | O19: QS | Q19: QS | S19: QS | T19: QS | V19: QS Nora, sintya, erik, esmer | X19: QS | Z19: QS | AB19: QS | AD19: QS | AF19: QS | AH19: QS | AJ19: QS | AL19: QS | AN19: QS | AP19: QS
A20: 12 | B20: Estatus de equipos y servicios | C20: IN | D20: IN | E20: IN | G20: IN | H20: IN | J20: IN | L20: IN | N20: IN | O20: IN | Q20: IN | S20: IN | T20: IN | V20: IN | X20: IN | Z20: IN | AB20: IN | AD20: IN | AF20: IN | AH20: IN | AJ20: IN | AL20: IN | AN20: IN | AP20: IN
A21: 13 | B21: Devoluciones | C21: QA | D21: QA | E21: QA | G21: QA | H21: QA | J21: QA | L21: QA | N21: QA | O21: QA | Q21: QA | S21: QA | T21: QA | V21: QA | X21: QA | Z21: QA | AB21: QA | AD21: QA | AF21: QA | AH21: QA | AJ21: QA | AL21: QA | AN21: QA | AP21: QA
A22: 14 | B22: Proveedores de servicios analíticos | C22: QC | D22: QC | E22: QC | G22: QC | H22: QC | J22: QC | L22: QC | N22: QC | O22: QC | Q22: QC | S22: QC | T22: QC | V22: QC | X22: QC | Z22: QC | AB22: QC | AD22: QC | AF22: QC | AH22: QC | AJ22: QC | AL22: QC | AN22: QC | AP22: QC
A23: 15 | B23: Acuerdos de calidad con fabricantes y provedores de servicios analíticos | C23: QA | D23: QA | E23: QA | G23: QA | H23: QA | J23: QA | L23: QA | N23: Cump. | O23: Cump. | P23: Cump. | Q23: Cump. | R23: Cump. | S23: Cump. | T23: Cump. | V23: Cump. | X23: Cump. | Z23: Cump. | AB23: Cump. | AD23: Cump. | AF23: Cump. | AH23: Cump. | AJ23: Cump. | AL23: Cump. | AN23: Cump. | AP23: Cump.
A24: 16 | B24: Revisión de muestras de retención | C24: QA | D24: QA | E24: QA | G24: QA | H24: QA | J24: QA | L24: QA | N24: QA | O24: QA | Q24: QA | S24: QA | T24: QA | V24: QA | X24: QA | Z24: QA | AB24: QA | AD24: QA | AF24: QA | AH24: QA | AJ24: QA | AL24: QA | AN24: QA | AP24: QA
A25: 17 | B25: Mantenimiento del estado validado métodos analíticos | C25: MS&T | D25: MS&T | E25: MS&T | G25: MS&T | H25: MS&T | J25: MS&T | L25: MS&T | N25: MS&T | O25: MS&T | Q25: MS&T | S25: MS&T | T25: MS&T | V25: MS&T | X25: MS&T | Z25: MS&T | AB25: MS&T | AD25: MS&T jose reyes alejandro gui | AF25: MS&T | AH25: MS&T | AJ25: MS&T | AL25: MS&T | AN25: MS&T | AP25: MS&T
A26: 18 | B26: Evaluación de riesgo para detección de posible interrupción de suministro de producto | C26: QS/SC | D26: QS/SC | E26: QS/SC | G26: QS/SC | H26: QS/SC | J26: QS/SC | L26: QS/SC | N26: QS/SC | O26: QS/SC | Q26: QS/SC | S26: QS/SC | T26: QS/SC | V26: QS/SC | X26: QS/SC | Z26: QS/SC | AB26: QS/SC | AD26: QS/SC | AF26: QS/SC | AH26: QS/SC | AJ26: QS/SC | AL26: QS/SC | AN26: QS/SC | AP26: QS/SC
G27: Total | I27: 18 | J27: 19 | L27: 19 | N27: 18 | O27: 19 | Q27: 19 | S27: 18 | T27: 18 | V27: 18 | X27: 18 | Z27: 19 | AB27: 18 | AD27: 18 | AF27: 18 | AH27: 19
G28: Entregaods | I28: 18 | J28: 18 | L28: 19 | N28: 17 | O28: 18 | Q28: 17 | S28: 6 | T28: 5 | V28: 5 | X28: 5 | Z28: 4 | AB28: 5 | AD28: 5 | AF28: 5 | AH28: 4
G29: Pendientes | I29: 0 | J29: 1 | L29: 0 | N29: 1 | O29: 1 | Q29: 2 | S29: =S27-S28 -> 12 | T29: =T27-T28 -> 13 | V29: =V27-V28 -> 13 | X29: =X27-X28 -> 13 | Z29: =Z27-Z28 -> 15 | AB29: =AB27-AB28 -> 13 | AD29: =AD27-AD28 -> 13 | AF29: =AF27-AF28 -> 13 | AH29: =AH27-AH28 -> 15
G30: %Entregados | I30: =I28/I27 -> 1 | J30: =J28/J27 -> 0.94736842 | L30: =L28/L27 -> 1 | N30: =N28/N27 -> 0.94444444 | O30: =O28/O27 -> 0.94736842 | Q30: =Q28/Q27 -> 0.89473684 | S30: =S28/S27 -> 0.33333333 | T30: =T28/T27 -> 0.27777778 | V30: =V28/V27 -> 0.27777778 | X30: =X28/X27 -> 0.27777778 | Z30: =Z28/Z27 -> 0.21052632 | AB30: =AB28/AB27 -> 0.27777778 | AD30: =AD28/AD27 -> 0.27777778 | AF30: =AF28/AF27 -> 0.27777778 | AH30: =AH28/AH27 -> 0.21052632
G31: %Pendientes | I31: =I29/I27 -> 0 | J31: =J29/J27 -> 0.052631579 | L31: =L29/L27 -> 0 | N31: =N29/N27 -> 0.055555556 | O31: =O29/O27 -> 0.052631579 | Q31: =Q29/Q27 -> 0.10526316 | S31: =S29/S27 -> 0.66666667 | T31: =T29/T27 -> 0.72222222 | V31: =V29/V27 -> 0.72222222 | X31: =X29/X27 -> 0.72222222 | Z31: =Z29/Z27 -> 0.78947368 | AB31: =AB29/AB27 -> 0.72222222 | AD31: =AD29/AD27 -> 0.72222222 | AF31: =AF29/AF27 -> 0.72222222 | AH31: =AH29/AH27 -> 0.78947368
I32: =I30+I31 -> 1 | J32: =J30+J31 -> 1 | K32: =K30+K31 -> 0 | L32: =L30+L31 -> 1 | N32: =N30+N31 -> 1 | O32: =O30+O31 -> 1 | Q32: =Q30+Q31 -> 1 | S32: =S30+S31 -> 1 | T32: =T30+T31 -> 1 | V32: =V30+V31 -> 1 | X32: =X30+X31 -> 1 | Z32: =Z30+Z31 -> 1 | AB32: =AB30+AB31 -> 1 | AD32: =AD30+AD31 -> 1 | AF32: =AF30+AF31 -> 1 | AH32: =AH30+AH31 -> 1

Sheet Firmas y responsabilidades
C1: MS&T | D1: P01&02 | F1: QA | G1: QC | H1: QS | I1: IN | J1: Cump.
A2: 1 | B2: Ruta de síntesis | C2: - Elab: Ismael Valois Escamilla - Revi: Alejandro Guillen Torres
A3: 2 | B3: Revisión de tendencias de parámetros críticos deproceso, controles en proceso críticos y rendimientos | D3: Planta 01: - Elab: Gerardo Martinez - Rev: Ivan Alejandro Najera Reyes | E3: Planta 03: - Elab: Javier Ronquillo - Rev: Orlando Regalado
A4: 3 | B4: Material de empaque primario/ SM/ KASM | F4: - Elab: Sandra Jocelin Chavez Zepeda - Rev: Ana Fernanda de Jesus - Aprov: Carlos Gerardo Rodarte
A5: 4 | B5: Estabilidades | G5: - Elab: Susana Martinez Luna/Rebeca Reynoso Escobar - Aprov: Rebeca Reynoso Escobar/ Laura Aramburo
A6: 5 | B6: Resultados y gráficos de tendencias de análisis de PT y controles en proceso críticos | G6: - Elab: Maria Luisa Rosales Jimenez - Rev: Jorge Luis Rojo Portillo - Aprov: Laura Aramburo Rodriguez
A7: 6 | B7: Controles de cambio | H7: - Elab: Daniel Mejia - Rev: Synthia Mendez/ Nora Andrade
A8: 7 | B8: Resultados OOS y OOT | F8: - Elab: Berenice Garcia - Rev: Carlos Rodarte
A9: 8 | B9: Desviaciones | F9: - Elab: Irma Bobadilla Cortes - Rev: Carlos Rodarte
A10: 9 | B10: Quejas | F10: - Elab: Valeria Fierro - Rev: Carlos Rodarte
A11: 10 | B11: Retiro del producto del mercado | F11: - Elab: Valeria Fierro - Rev: Carlos Rodarte
A12: 11 | B12: Calificación de desempeño del proceso de proceso | H12: - Elab: Luis Tellez - Rev: Synthia Mendez
A13: 12 | B13: Estatus de equipos y servicios | I13: - Elab: Amy Gaitan - Rev: Osvaldo Lopez Aprov: Synthia Mendez
A14: 13 | B14: Devoluciones | F14: - Elab: Yael Benitez - Rev: Synthia Mendez Aprov: Carlos Rodarte
A15: 14 | B15: Proveedores de servicios analíticos | G15: - Elab: Maria Luisa Rosales Jimenez - Rev: Ana Fernand de Jesus Ordonez - Aprov: Laura Aramburo Rodriguez
A16: 15 | B16: Acuerdos de calidad con fabricantes y provedores de servicios analíticos | J16: - Elab: Ana Fernand de Jesus Ordonez - Aprov: Carmen Daniela Castro Arce
A17: 16 | B17: Revisión de muestras de retención | F17: - Elab: Ubaldo Jimenez - Rev: Carlos Rodarte
A18: 17 | B18: Mantenimiento del estado validado métodos analíticos | C18: - Elab: Nancy Resendiz/Angel Rodriguez - Rev: Alejandro Guillen Aprov: Synthia Mendez
A19: 18 | B19: Evaluación de riesgo para detección de posible interrupción de suministro de producto | H19: - Elab: Diana Martinez - Carlos Rodarte
B26: Carlos Rodarte | C26: Carlos.Rodarte@tapi.com
B27: Irma Bobadilla | C27: Irma.Bobadilla@tapi.com
B28: Sandra Chavez Zepeda | C28: Sandra.ChavezZepeda@tapi.com
B29: Gloria Cabrera | C29: Gloria.Cabrera01@tapi.com
B30: Nora Andrade | C30: Nora.Andrade@tapi.com
B31: Synthia Mendez | C31: Synthia.Mendez@tapi.com
B32: Erik Huerta | C32: Erik.Huerta@tapi.com
B33: Rebeca Reynoso | C33: Rebeca.Reynoso@tapi.com
B34: Laura Aramburo | C34: Laura.Aramburo@tapi.com
B35: Alejandro Guillen | C35: Alejandro.Guillen@tapi.com
B36: Jose Reyes | C36: Jose.Reyes02@tapi.com
B37: Mario Romero | C37: Mario.Romero01@tapi.com
B38: Mario Romero | C38: Mario.Romero01@tapi.com
